,Title,Company Name,Job Type,Experience
0,Technical Support Engineer,Adobe,"Remote, India",Fresher
1,Product Sales Specialist - Growth & Collaboration Offerings,Adobe,"Remote, India",Fresher
2,It Recruiter,Heptarc Technology Solutions Private Limited,Remote,0 - 1 Years
3,Cashier,Ayush Jaiswal (Proprietor Of Infinity Services),Remote,Fresher
4,Ground Stff,Ayush Jaiswal (Proprietor Of Infinity Services),Remote,Fresher
5,Back Office,Ayush Jaiswal (Proprietor Of Infinity Services),Remote,Fresher
6,Typist,Ayush Jaiswal (Proprietor Of Infinity Services),Remote,Fresher
7,Cashier,Ayush Jaiswal (Proprietor Of Infinity Services),Remote,Fresher
8,Computer Oprator,Ayush Jaiswal (Proprietor Of Infinity Services),Remote,Fresher
9,Back Office,Ayush Jaiswal (Proprietor Of Infinity Services),Remote,Fresher
10,Back Office,Ayush Jaiswal (Proprietor Of Infinity Services),Remote,Fresher
11,Back Office,Ayush Jaiswal (Proprietor Of Infinity Services),Remote,Fresher
12,Tele Caller,Ayush Jaiswal (Proprietor Of Infinity Services),Remote,Fresher
13,Cashier,Ayush Jaiswal (Proprietor Of Infinity Services),Remote,Fresher
14,Cashier,Ayush Jaiswal (Proprietor Of Infinity Services),Remote,Fresher
